{"cameraMode":{"drawMode":0,"name":"Shaded","section":"Shading Mode"},"sceneLighting":true,"audioPlay":false,"sceneViewState":{"m_AlwaysRefresh":false,"showFog":true,"showSkybox":true,"showFlares":true,"showImageEffects":true,"showParticleSystems":true,"showVisualEffectGraphs":true,"m_FxEnabled":true},"in2DMode":false,"pivot":{"x":8.442965507507325,"y":11.860004425048829,"z":-10.511069297790528},"rotation":{"x":0.29901450872421267,"y":-0.03165445849299431,"z":0.009965009987354279,"w":0.9537487030029297},"size":5.25523042678833,"orthographic":false}